1.0,1.0,1.0,1.0,1.0,1.0,1.0,1.0,1.0,1.0,1.0,1.0,1.0,1.0,1.0,1.0,1.0,1.0,1.0,1.0,1.0,1.0,1.0,1.0,1.0,1.0,1.0,1.0,1.0,1.0,1.0,1.0,1.0,1.0,1.0,1.0,1.0,1.0,1.0,1.0,1.0,1.0,1.0,1.0,1.0,1.0,1.0,1.0,1.0,1.0,
0.9990588235294118,0.9990838295923041,0.9967786470317533,0.9990588235294118,0.9977032613688562,0.997638167217761,0.9962352941176471,0.9967667436489608,0.9985948477751756,0.9985882352941177,0.99859616284511,0.9977032613688562,0.997638167217761,0.9990552668871044,0.9981105337742088,0.999059708509638,0.9995276334435522,0.9990867579908675,0.997649271274095,1.0,1.0,1.0,1.0,1.0,0.9990552668871044,1.0,0.9981105337742088,0.9985829003306566,0.997638167217761,0.9995359628770302,0.9981105337742088,0.998589562764457,0.997215777262181,0.9967213114754099,0.995768688293371,0.9981282171268133,0.9986320109439124,0.9971658006613132,0.9977148080438757,0.9990552668871044,0.9985829003306566,0.9981105337742088,0.9995316159250586,0.9990770650669127,1.0,1.0,0.9995381062355658,0.999059708509638,0.9995359628770302,1.0,
0.9990588235294118,0.9976798143851509,0.9963218390804598,0.995276334435522,0.9919697685403873,0.9943316013226263,0.9885531135531136,0.9892873777363763,0.9924705882352941,0.9919246298788694,0.995276334435522,0.9887165021156559,0.992914501653283,0.9929411764705882,0.9938592347661785,0.9948039678790742,0.9967058823529412,0.997638167217761,0.9990552668871044,0.9990588235294118,0.99859616284511,0.9990846681922196,0.9981176470588236,0.9990719257540603,0.998589562764457,0.997649271274095,0.9966934341048653,0.9966934341048653,0.9948525970987365,0.9938592347661785,0.989705194197473,0.9919697685403873,0.990552668871044,0.9914414414414414,0.9933868682097308,0.9896567936060179,0.9877762106252939,0.9905970850963799,0.990552668871044,0.9943316013226263,0.9948039678790742,0.9972183588317107,0.9976580796252927,0.9990552668871044,0.9995363931386184,0.9981438515081207,0.9990552668871044,0.9990770650669127,0.9990641085634067,0.9971764705882353,
0.9944315545243619,0.9939110070257611,0.9891764705882353,0.9872461029759093,0.9848842701936703,0.9811053377420879,0.9777987718469532,0.9832946635730858,0.9805104408352668,0.9763816721776098,0.9733021077283373,0.9781089892873778,0.9811053377420879,0.9863013698630136,0.9835448989186648,0.9877184695323571,0.9881908360888049,0.995276334435522,0.9913400182315406,0.9943316013226263,0.9962210675484175,0.9981105337742088,0.9986601161232693,0.9948235294117647,0.9952941176470588,0.992914501653283,0.9924776680771039,0.9920075223319229,0.9863013698630136,0.9825224374114313,0.9797514956281639,0.9812271062271062,0.9745882352941176,0.9776432231020028,0.9797837329572168,0.9750822755054067,0.9844705882352941,0.9839395370807746,0.9830588235294118,0.9858956276445698,0.9861431870669746,0.9910672308415609,0.992914501653283,0.9944108057755007,0.9977011494252873,0.9985829003306566,0.9990846681922196,0.9976580796252927,0.99529854254819,0.9958275382475661,
0.9915373765867419,0.9881908360888049,0.9829948039678791,0.9825882352941177,0.9721303731695796,0.9656793606017866,0.9695150115473441,0.9688502061383417,0.9617383089277279,0.9636277751535192,0.9562352941176471,0.9580810433162552,0.9698375870069605,0.9612659423712802,0.971185640056684,0.9764705882352941,0.9839395370807746,0.9834671705243269,0.9910588235294118,0.9902642559109874,0.9953161592505855,0.9966934341048653,0.994919168591224,0.990632318501171,0.9920075223319229,0.9846867749419954,0.9822014051522249,0.9768540387340576,0.9797701149425287,0.9727315467795017,0.9647058823529412,0.9652092148566056,0.9557109557109557,0.9645725082664147,0.9644028103044496,0.965034965034965,0.9522909777987718,0.9669495310406432,0.9659896079357582,0.9811053377420879,0.9768540387340576,0.9873060648801129,0.989800649049606,0.9901639344262295,0.992914501653283,0.9948235294117647,0.9948283968030089,0.9971658006613132,0.9915294117647059,0.9877439854743532,
0.9855477855477855,0.9830588235294118,0.9755524212505877,0.9587822014051522,0.9639681796911558,0.9508120649651972,0.9478138222849083,0.9391025641025641,0.928872250818905,0.9388235294117647,0.9395370807746811,0.9480396787907416,0.951818611242324,0.9522909777987718,0.9611241217798595,0.9647058823529412,0.9746121297602257,0.9801606046291923,0.9855477855477855,0.9873536299765808,0.9887058823529412,0.9913162705667276,0.9938592347661785,0.9924421350968351,0.9920449227889565,0.9820500708549834,0.9719232569021994,0.968823807274445,0.9637115296279284,0.9553361542078044,0.9508738781294285,0.9449411764705883,0.9413936317489617,0.9425022999080037,0.9393511988716502,0.944547134935305,0.9374130737134909,0.9449929478138223,0.9505773672055428,0.9601873536299765,0.9623529411764706,0.9789473684210527,0.9800649049605934,0.9887165021156559,0.9919697685403873,0.9924776680771039,0.9911832946635731,0.9902097902097902,0.9882352941176471,0.9860270144387517,
0.9813519813519813,0.9702409069437884,0.968823807274445,0.9539257169722614,0.9475673122342938,0.9305621162021729,0.9215871516296646,0.9220595181861124,0.9237647058823529,0.9140292867264997,0.9130845536136042,0.9192253188474256,0.9197215777262181,0.9348946135831382,0.9404818138875768,0.9477445288075034,0.9607935758148323,0.9664619744922059,0.9806329711856401,0.9881908360888049,0.9900803023145961,0.9863013698630136,0.9910250354274918,0.9871794871794872,0.9826697892271663,0.9763816721776098,0.9655172413793104,0.9581570286788904,0.9464033850493653,0.9392941176470588,0.9270588235294117,0.9312941176470588,0.9148235294117647,0.9185011709601874,0.9067599067599068,0.91828058573453,0.9244213509683514,0.924306535025858,0.9381199811053378,0.9473436765397273,0.9567058823529412,0.9617383089277279,0.9666203059805285,0.9816007359705612,0.9853566367501181,0.9877184695323571,0.9910588235294118,0.9887058823529412,0.9825882352941177,0.9804811620517476,
0.9695835283107159,0.9612659423712802,0.9421720733427362,0.9385923476617856,0.9274230592558567,0.9228235294117647,0.8913556920170052,0.8852459016393442,0.9011709601873537,0.872461029759093,0.8932451582427964,0.9050305594734368,0.8875767595654228,0.9111826967326278,0.9139633286318759,0.9386416861826697,0.947094945677846,0.9583528310715957,0.9641001417099669,0.9736489504242966,0.9858823529411764,0.9867737364194615,0.987764705882353,0.9872941176470589,0.9748486259897532,0.9689703808180536,0.9633286318758815,0.9477984566500227,0.9342657342657342,0.9167842031029619,0.9197215777262181,0.8914048059149723,0.8904109589041096,0.8778135048231511,0.8848142924306535,0.8757647058823529,0.897423887587822,0.896,0.9152941176470588,0.9267831837505904,0.9431870669745959,0.9498829039812646,0.9614480488951574,0.9773264052905054,0.9798594847775176,0.9913518434228493,0.984,0.9870190078813167,0.9793103448275862,0.9722614010343207,
0.9670533642691416,0.9447306791569087,0.9343410486537553,0.8998582900330656,0.8875767595654228,0.8799076212471132,0.8783216783216783,0.8667926310817194,0.8618937644341801,0.855632183908046,0.8428235294117647,0.8461176470588235,0.8683591913493183,0.8861596598960794,0.8885214926783184,0.9216504404265183,0.9282051282051282,0.9414265470004723,0.959944108057755,0.9686182669789227,0.9825224374114313,0.9807949977668602,0.9872461029759093,0.9863657733897508,0.9782711384034011,0.9628584861307005,0.9351198871650211,0.9234766178554559,0.9074161549362305,0.8974117647058824,0.8786017949929145,0.8763516690173954,0.8620689655172413,0.8514074757729581,0.8459396751740139,0.8650681711330512,0.8663529411764705,0.8720983158852982,0.8946622579121398,0.9102503542749173,0.9178082191780822,0.9402917046490429,0.9464033850493653,0.9669343410486537,0.9741176470588235,0.9825224374114313,0.9863529411764705,0.9829948039678791,0.9734553775743707,0.9629976580796253,
0.952,0.9454117647058824,0.9163911195087387,0.9022201228153047,0.8771846953235711,0.8495533615420781,0.846262341325811,0.8450637694851204,0.8199341795956746,0.8208744710860366,0.8142400730260155,0.8242796410014172,0.8511821974965229,0.8564196962724344,0.8691544638639584,0.8885214926783184,0.9140292867264997,0.9345707656612529,0.9501645510108133,0.9645725082664147,0.9740198393953708,0.976,0.9783808647654094,0.9789227166276346,0.9730751062824752,0.9463529411764706,0.9285378467324871,0.9050228310502283,0.8913556920170052,0.872461029759093,0.8535663675011809,0.8368594264221909,0.8312176774800188,0.8175011698642958,0.8174117647058824,0.8214454416627303,0.8272517321016166,0.8560919540229885,0.8566055477197931,0.8758620689655172,0.9016241299303944,0.9286726499763817,0.9431235431235431,0.9533487297921478,0.9689411764705882,0.9782711384034011,0.9727058823529412,0.9775743707093821,0.9741419840150447,0.9604705882352941,
0.9459332393041843,0.9352857817666509,0.9041095890410958,0.8861176470588236,0.8491879350348028,0.8438217730822233,0.8153046764289088,0.7858823529411765,0.7769411764705882,0.792,0.780309936189608,0.7982994803967879,0.8153046764289088,0.8131764705882353,0.8507321681624941,0.8474256022673595,0.896551724137931,0.915918752952291,0.9534117647058824,0.9538823529411765,0.9697685403873406,0.9722352941176471,0.9730751062824752,0.958904109589041,0.956542276806802,0.9390647142182333,0.9192253188474256,0.8932451582427964,0.8688293370944993,0.8498823529411764,0.8153046764289088,0.8016060462919226,0.7916863486065187,0.7931034482758621,0.7831837505904582,0.7940481813887577,0.8020784128483703,0.8189938881053126,0.8444964871194379,0.8719886632026452,0.8776570618800189,0.9017477562588568,0.9239489844119037,0.9466225791213982,0.9597102761430512,0.9777576032682705,0.9716580066131318,0.9703291608715809,0.960919540229885,0.9520451339915373,
0.9305621162021729,0.9152941176470588,0.8936953520478601,0.8524137931034482,0.8321579689703809,0.7921960072595281,0.7667447306791569,0.7487058823529412,0.7421176470588235,0.7373641946150212,0.7567312234293812,0.7501180916391119,0.7779877184695324,0.804235294117647,0.828989483310471,0.8516769012753898,0.878969167050161,0.8965679360601787,0.9332393041842971,0.9418989135569201,0.966017217942909,0.9722614010343207,0.9716580066131318,0.9596287703016241,0.9499291450165328,0.9217391304347826,0.9030588235294118,0.8719886632026452,0.8540387340576288,0.8205841446453408,0.7805334581188582,0.7811764705882352,0.7567312234293812,0.7383089277279169,0.7325635103926097,0.7440559440559441,0.7623996221067548,0.7819372952737482,0.8043782021425244,0.8261691072272083,0.85635103926097,0.8913963328631875,0.9178082191780822,0.9376476145488899,0.9570146433632499,0.9734513274336283,0.9722614010343207,0.971185640056684,0.9580810433162552,0.9434216434665469,
0.9275975552421251,0.9069437883797827,0.8790741615493624,0.8450116009280743,0.810014038371549,0.7737364194615022,0.7463391591875296,0.7293339631554085,0.7011655011655011,0.7060732498840983,0.7033380347907852,0.7194142654700048,0.7416154936230515,0.7609825224374114,0.7992442135096836,0.8263529411764706,0.8672649976381672,0.8862247296661965,0.9248937175247992,0.946833102172908,0.9659896079357582,0.9710344827586207,0.9692961738308927,0.9572217111315547,0.9417792268281323,0.911195087387813,0.8824585015702109,0.860651865847898,0.8275862068965517,0.7869626830420406,0.7623996221067548,0.7390691114245416,0.7024090694378838,0.7132735002361833,0.6991025035427492,0.7094945677846008,0.7301363422661025,0.7366515837104073,0.7805334581188582,0.819555975436939,0.8484705882352941,0.8738781294284365,0.9097779877184695,0.9313587212035731,0.9487541137752703,0.9664367816091954,0.9669343410486537,0.9585468095016302,0.9440559440559441,0.9291450165328294,
0.924776680771039,0.8942528735632184,0.8474256022673595,0.8116009280742459,0.7752703338034791,0.759233926128591,0.7255550307038262,0.6943788379782712,0.6636750118091639,0.6600846262341326,0.6594370096908168,0.6769012753897025,0.6993006993006993,0.7338896615669912,0.7581176470588236,0.7931034482758621,0.8402366863905325,0.8837647058823529,0.9192253188474256,0.9329239489844119,0.9528604118993135,0.9698655540101994,0.9622106754841757,0.9505827505827505,0.9473202015574896,0.911195087387813,0.8678890456041373,0.8326281147155619,0.8006613131790269,0.7556064073226545,0.7359470949456779,0.6995846792801107,0.6717052432687766,0.6808610201216659,0.667578659370725,0.6752941176470588,0.692054536906441,0.7113840340103921,0.7377272727272727,0.7770429853566367,0.8134152102031176,0.8569411764705882,0.8956069910250354,0.9276887871853547,0.9409541804440246,0.9558488848429677,0.968823807274445,0.9585882352941176,0.9486363636363636,0.915918752952291,
0.9090487238979118,0.8839907192575406,0.8205007085498347,0.7986143187066974,0.7487367937528709,0.7047709022201228,0.6929617383089277,0.6428235294117647,0.6298850574712643,0.6294252873563219,0.6428908833254605,0.6511518570756935,0.6792540792540792,0.6924893717524799,0.7406032482598608,0.76633756464504,0.8260460742830278,0.8622472966619652,0.8969411764705882,0.9198717948717948,0.9555975436939065,0.9585882352941176,0.9652092148566056,0.9392675011590171,0.926187118006582,0.896551724137931,0.8494117647058823,0.8067700987306065,0.7627039627039627,0.7322505800464038,0.6924893717524799,0.6660368445914029,0.6351669017395393,0.6263279445727483,0.6359382311651849,0.6324988190836088,0.6578581363004172,0.6680771039022096,0.7241379310344828,0.7505773672055427,0.8061836640516844,0.8375059045819556,0.8862690707350902,0.9154022988505747,0.9300897496457251,0.9539767649687221,0.9586271744240714,0.9435825105782792,0.9395370807746811,0.9093056211620217,
0.9045604137282558,0.8648648648648649,0.8185237423601316,0.775150672229949,0.7268453220498354,0.6811525743977327,0.6381609195402299,0.6187118006582041,0.5909305621162022,0.5782792665726375,0.5759285378467325,0.5942371280113368,0.6447058823529411,0.680207841284837,0.7070992007522332,0.7439773264052905,0.805384978743505,0.8497874350495985,0.8923004251299008,0.921485660554772,0.9343807763401109,0.9561771561771562,0.9522909777987718,0.9411502452073116,0.9201700519603212,0.8848142924306535,0.846732487070992,0.8072744449692961,0.7331764705882353,0.7118006582040433,0.6492712740949694,0.6177156177156177,0.6088804912612187,0.588613406795225,0.5880963627775153,0.5914433474377057,0.6013226263580539,0.649031648559282,0.6795294117647059,0.724042455006922,0.7599457504520796,0.8293370944992948,0.8793503480278422,0.904476234425473,0.9272555503070382,0.9454630935590033,0.9598488427019367,0.9496944052656323,0.9194379391100702,0.9007992477668078,
0.8798570790531487,0.8597071327350023,0.8015910154422087,0.7494123178185237,0.7054117647058824,0.6523382144544166,0.6131317902692489,0.584931506849315,0.5517241379310345,0.5606991025035427,0.5585882352941176,0.5669957686882934,0.595764705882353,0.6379391100702576,0.6854038734057629,0.7430325932923949,0.7876106194690266,0.8177156177156177,0.8757675956542277,0.9205175600739371,0.9461821527138914,0.9508738781294285,0.9443155452436195,0.9306791569086651,0.9111424541607899,0.8686820973075107,0.812470477090222,0.7791495198902606,0.7297423887587822,0.6787907416154936,0.6323597589244321,0.6064880112834978,0.5692017005196032,0.5481899388810532,0.5559090909090909,0.5739253660840813,0.5759285378467325,0.6178554558337269,0.6549130230371415,0.730751062824752,0.7778823529411765,0.812470477090222,0.8717948717948718,0.8910755148741418,0.9282002834199339,0.944733112895607,0.9510588235294117,0.9412317818523742,0.9133055169216504,0.8894117647058823,
0.8734057628719887,0.8424242424242424,0.7950164551010813,0.7312414733969986,0.6847058823529412,0.6221067548417573,0.6065186584789797,0.545583372697213,0.5268181818181819,0.5139348134152102,0.5295229097779878,0.5446386395843175,0.5892776010904135,0.6256410256410256,0.6379877762106253,0.7137458667926311,0.764289088332546,0.8155294117647058,0.8719886632026452,0.9045819555975437,0.9315068493150684,0.9515749882463563,0.9428436466698158,0.9259431765253843,0.9107227208313652,0.8660592255125285,0.813986013986014,0.765397273154678,0.7142191142191142,0.6524137931034483,0.6093528578176665,0.5706188001889466,0.5423887587822014,0.5238545111006141,0.5134624468587624,0.544014904517932,0.5654354765161879,0.5849411764705882,0.6397260273972603,0.701936702881436,0.7293339631554085,0.8127058823529412,0.8489411764705882,0.8842701936702881,0.9282002834199339,0.9395370807746811,0.9489844119036372,0.9319792158715163,0.9262630860263996,0.8895157498824635,
0.8710588235294118,0.8256967406707605,0.7770429853566367,0.7108603667136812,0.6697892271662763,0.6169411764705882,0.5669957686882934,0.5247992442135097,0.5016532829475673,0.4860651865847898,0.47952941176470587,0.5035427491733585,0.5399149740198393,0.5966464834653005,0.6464503996238834,0.6995748700991969,0.75484175720359,0.7921587151629664,0.8504936530324401,0.9043478260869565,0.9336470588235294,0.9391025641025641,0.9445221445221446,0.9284705882352942,0.89891355692017,0.8500235072872591,0.8091208274565115,0.7478260869565218,0.6891828058573453,0.6206896551724138,0.5899858290033065,0.5312646920545369,0.5092111478507322,0.48413793103448277,0.489010989010989,0.4992914501653283,0.5377049180327869,0.5430183356840621,0.6205923836389281,0.6674539442607463,0.7393939393939394,0.7972413793103448,0.8337269721303732,0.8805829807240244,0.9142857142857143,0.9383529411764706,0.9343456900401965,0.932235294117647,0.9097320169252469,0.8847425602267359,
0.872461029759093,0.8110014104372355,0.7623996221067548,0.6981664315937941,0.6452527161076995,0.5802352941176471,0.5465281058101087,0.4860651865847898,0.47897968823807274,0.4529714553111839,0.4608695652173913,0.48423529411764704,0.5096596136154554,0.546135831381733,0.6188235294117647,0.6802143814202769,0.7269721303731695,0.804235294117647,0.8627174424071462,0.8899385923476618,0.9200535953550693,0.9371752479924421,0.9275975552421251,0.91828058573453,0.8866948754113775,0.847672778561354,0.7879074161549362,0.7468115257439774,0.6652930402930403,0.6305882352941177,0.5597543693906472,0.5040151157298063,0.4771764705882353,0.47075339260645765,0.4621176470588235,0.4743529411764706,0.4898441190363722,0.5422063421170166,0.5847897968823808,0.6506817113305124,0.737836561171469,0.771846953235711,0.8110014104372355,0.867764705882353,0.9245458779692595,0.935831381733021,0.947094945677846,0.9323273891175126,0.9044289044289044,0.8762352941176471,
0.8598043782021425,0.8013986013986014,0.7487009919697686,0.6852954649564819,0.6215326751292901,0.5557647058823529,0.514407179971658,0.4706158909261871,0.44804889515749885,0.43629525152797366,0.45016532829475675,0.46717052432687767,0.5021256495040152,0.5616438356164384,0.593764761454889,0.6755244755244755,0.7155618241654913,0.7902692489371752,0.838475499092559,0.8861596598960794,0.9130845536136042,0.9414265470004723,0.9315068493150684,0.9220595181861124,0.8984411903637223,0.8507321681624941,0.7864903164855929,0.7240244475787494,0.6627302786962683,0.5923476617855455,0.5641748942172073,0.49598488427019366,0.4581955597543694,0.44334743770568874,0.43858823529411767,0.462004662004662,0.4743529411764706,0.5284438175834508,0.5677846008502598,0.6608899297423888,0.7070992007522332,0.7534246575342466,0.821917808219178,0.8721203573107663,0.9225318847425602,0.9267831837505904,0.9442607463391592,0.9324515824279641,0.9036201222378938,0.8530940009447331,
0.859764705882353,0.8025387870239774,0.7335852621634388,0.6688710439300898,0.5989656793606017,0.5599435825105783,0.49353049907578556,0.4569719282098481,0.4252927400468384,0.4043040293040293,0.42107728337236533,0.46544428772919605,0.4888993859234766,0.5281058101086443,0.5971764705882353,0.6488011283497884,0.7009919697685404,0.7952941176470588,0.8382698636577339,0.8804705882352941,0.9215871516296646,0.9349555451567618,0.9385923476617856,0.9187529522909778,0.8847425602267359,0.8308927727916864,0.786017949929145,0.739010989010989,0.6370474847202633,0.5540859707132735,0.5265882352941177,0.48323098724610297,0.4454416627302787,0.41741176470588237,0.41284837033538024,0.44060081929904416,0.456778460085026,0.5125177137458667,0.5575928537846733,0.5909305621162022,0.6806802078412848,0.7503461005999077,0.7988056959118053,0.8688293370944993,0.894189891355692,0.9267831837505904,0.9322505800464037,0.9296551724137931,0.896551724137931,0.8608176389526871,
0.8566055477197931,0.8020686412787964,0.7274444969296174,0.6702881435994331,0.6032120925838451,0.5493623051487955,0.48519040902679833,0.4391161259990597,0.41741176470588237,0.40906943788379785,0.3996221067548418,0.44376470588235295,0.47425602267359473,0.5399149740198393,0.5895134624468588,0.6452527161076995,0.7189418989135569,0.7680680207841285,0.8348235294117647,0.8875767595654228,0.9195294117647059,0.9302107728337237,0.9325635103926097,0.9130845536136042,0.8722527472527473,0.8176665092111478,0.7614548889938593,0.7076051015588096,0.6263636363636363,0.5862717442407146,0.5029030817329165,0.4696470588235294,0.42823529411764705,0.4139834406623735,0.3986835919134932,0.41694117647058826,0.454416627302787,0.49976470588235294,0.5347189418989136,0.6263580538497875,0.6850574712643678,0.7447108603667136,0.8010923987255348,0.8528443817583451,0.9055266887104393,0.9310344827586207,0.9341176470588235,0.9329239489844119,0.8983529411764706,0.8495533615420781,
0.8616470588235294,0.7874350495984884,0.7302786962683042,0.6740670760510156,0.5932923948984412,0.5295229097779878,0.4752007557864903,0.41963470319634705,0.40714621532675127,0.3921015514809591,0.4051764705882353,0.41001417099669346,0.4621176470588235,0.5021156558533145,0.5783529411764706,0.634860651865848,0.6995748700991969,0.7609825224374114,0.8395294117647059,0.8790741615493624,0.9144334743770569,0.9264367816091954,0.9398213446168312,0.9130845536136042,0.8850206138341732,0.8310715956948994,0.7666509211147851,0.6955294117647058,0.6306093528578177,0.5774117647058824,0.49173358526216343,0.4459140292867265,0.4204062352385451,0.39633286318758815,0.3948984411903637,0.40151157298063295,0.44475787494123176,0.4863235975892443,0.5421176470588235,0.5902097902097903,0.673536299765808,0.7338975082275505,0.8143599433160132,0.8686820973075107,0.9026924893717525,0.9357581483230987,0.9324639031206334,0.9262180974477958,0.8904560413728255,0.8493150684931506,
0.8573452999527633,0.7945205479452054,0.7421176470588235,0.6717052432687766,0.5847897968823808,0.5210203117619272,0.4761454888993859,0.4293811998110534,0.39680300893276915,0.381288199341796,0.3967058823529412,0.4131764705882353,0.454416627302787,0.5068493150684932,0.5619609623241035,0.6566682048915552,0.7148235294117647,0.7746090156393745,0.8345086976962859,0.8795294117647059,0.9133822181484876,0.9357581483230987,0.9308885754583921,0.9173358526216344,0.8757675956542277,0.814832309872461,0.7822390174775626,0.6884705882352942,0.6342266102491773,0.5778823529411765,0.4818823529411765,0.4487238979118329,0.41858325666973323,0.3915918752952291,0.3850815850815851,0.3991616208663251,0.4263529411764706,0.47411818598259275,0.5566525622943113,0.5999055266887104,0.6688710439300898,0.7449220595181861,0.8082191780821918,0.8682352941176471,0.906471421823335,0.920071845532106,0.9357581483230987,0.9167842031029619,0.8970240906943788,0.8570756934649741,
0.860651865847898,0.7982994803967879,0.7287259050305595,0.6669815777042986,0.5767595654227681,0.5196032120925839,0.47425602267359473,0.424,0.3963155408597071,0.39235320892125625,0.3868682097307511,0.40808823529411764,0.44922059518186114,0.5016532829475673,0.5649504015115729,0.6381672177609825,0.7042783262811472,0.7769411764705882,0.8332546055739254,0.8644307982994804,0.9102503542749173,0.9267530147387226,0.9291450165328294,0.9078146934955545,0.8592347661785545,0.8236953455571228,0.7538970240906944,0.7042985356636751,0.6285848613070052,0.5646450399623884,0.4931506849315068,0.4444969296173831,0.4208786017949929,0.3920642418516769,0.38545111006140764,0.4029286726499764,0.43723554301833567,0.4786083685942642,0.5362657931679925,0.5956542276806802,0.6702881435994331,0.7453944260746339,0.8006613131790269,0.8613815484469171,0.9064409967089798,0.9190588235294118,0.9358215748748293,0.9225318847425602,0.9022201228153047,0.851764705882353,
0.8616438356164383,0.792,0.7463391591875296,0.6665092111478508,0.5995294117647059,0.5564478034955125,0.46622579121398205,0.44249422632794455,0.417169373549884,0.3906471421823335,0.40174072377462205,0.42482435597189694,0.4555294117647059,0.5220213259156236,0.5943793911007026,0.6362777515351913,0.7139588100686499,0.7737364194615022,0.8329411764705882,0.8667926310817194,0.9196976854038734,0.9329239489844119,0.9291127953633527,0.9143529411764706,0.8801128349788434,0.8065882352941176,0.7656470588235295,0.6962683042040624,0.6353330184222957,0.5543018335684062,0.5059045819555975,0.45347189418989137,0.4146685472496474,0.3939537080774681,0.3939537080774681,0.406235238545111,0.43341176470588233,0.4738823529411765,0.5496535796766744,0.6149184149184149,0.6748235294117647,0.7296661965209215,0.8308927727916864,0.8533145275035261,0.9054749649040711,0.923366243535496,0.9360222531293463,0.9156235512285582,0.896551724137931,0.8483703353802551,
0.8705715635333019,0.7992442135096836,0.7350023618327822,0.6764289088332546,0.6211764705882353,0.5538823529411765,0.49598488427019366,0.44689655172413795,0.40827586206896554,0.3976470588235294,0.4064665127020785,0.43208159480760316,0.461502125649504,0.5124005615348619,0.5863996273870516,0.6310817194142655,0.7137458667926311,0.7699574870099197,0.83656117146906,0.8866320264525271,0.9201700519603212,0.9371752479924421,0.9321802457897133,0.9083215796897038,0.8816705336426914,0.8288669487541138,0.7766807710390221,0.708814028610983,0.639344262295082,0.5764705882352941,0.5104355716878403,0.4624468587623996,0.42560226735947093,0.4067076051015588,0.40009447331128956,0.4167832167832168,0.4337856808610201,0.49456778460085027,0.5465281058101087,0.6070588235294118,0.6740670760510156,0.7520075578649031,0.8062999529854254,0.8711943793911007,0.8956069910250354,0.9263108171941427,0.9310344827586207,0.9256470588235294,0.8998582900330656,0.8455361360415683,
0.85592820028342,0.7990909090909091,0.7350023618327822,0.6806610093791872,0.6159659896079358,0.5585331452750353,0.49553361542078045,0.44334743770568874,0.4297891431135038,0.41473783656117147,0.41984015044663847,0.4440245630609353,0.4733112895606991,0.5418044402456306,0.5989607935758149,0.671917191719172,0.7230841560883874,0.7879642689233662,0.8332546055739254,0.8837647058823529,0.9250116441546343,0.9381733021077283,0.9333963155408597,0.9172413793103448,0.8882217090069284,0.8272941176470588,0.7841284837033538,0.6991025035427492,0.6540909090909091,0.5706188001889466,0.5196032120925839,0.48618266978922714,0.43930089749645723,0.42182333490788854,0.4204062352385451,0.43188923626619025,0.44260746339159185,0.5007085498346717,0.5573925366084082,0.6136041568256967,0.6981577704298536,0.7411431270666037,0.807746811525744,0.8566193311956024,0.9012517385257302,0.9234766178554559,0.9367028814359943,0.923366243535496,0.8970380818053597,0.8566849816849816,
0.8734117647058823,0.8120649651972158,0.7564645039962389,0.7198866320264525,0.6244685876239963,0.5578649031648559,0.502598016060463,0.46764289088332545,0.4478034955125177,0.4312706660368446,0.43552196504487484,0.4520547945205479,0.502598016060463,0.5430588235294118,0.5970713273500237,0.6528105810108644,0.7368918280585735,0.7983074753173484,0.8462971588262692,0.88997668997669,0.9275975552421251,0.9367028814359943,0.9388810531264692,0.9234766178554559,0.8857532999544834,0.8403401039206424,0.7822014051522248,0.7116173120728929,0.6464503996238834,0.5877792977656179,0.5501154734411086,0.48323098724610297,0.45681293302540416,0.4372960372960373,0.4297132110954396,0.4589041095890411,0.48086915446386397,0.5233821445441663,0.5887058823529412,0.6239962210675484,0.6986365773389751,0.7639344262295082,0.8186112423240435,0.870099196976854,0.9211147850732169,0.9341795956746591,0.9335517080018718,0.9262734584450402,0.9149740198393954,0.8526806526806526,
0.8872979214780601,0.8202352941176471,0.7694033198743832,0.6988235294117647,0.649031648559282,0.5762871988663203,0.5366084081247048,0.5016455101081335,0.47390691114245415,0.45016532829475675,0.4668235294117647,0.4837799717912553,0.5214926783183751,0.5602267359470949,0.6267042783262812,0.6817113305124589,0.7373641946150212,0.8149515459160129,0.8484705882352941,0.9080091533180779,0.9211147850732169,0.9325526932084309,0.942371280113368,0.9201856148491879,0.8998589562764457,0.8393953708077468,0.7959376476145489,0.7430588235294118,0.687293339631554,0.6197449220595181,0.556235294117647,0.5210161662817552,0.48801128349788436,0.46622579121398205,0.45488899385923476,0.46480869154463866,0.49270588235294116,0.5331452750352609,0.5942371280113368,0.6539727315467795,0.7122708039492243,0.762576398683592,0.8261691072272083,0.8755148741418765,0.9107635694572217,0.9385923476617856,0.9388038942976356,0.9330210772833724,0.9059990552668871,0.872380065207266,
0.8886289190453908,0.841560883874001,0.7858136300417247,0.7263403263403263,0.6792631081719415,0.605879650895728,0.5778091208274565,0.5139348134152102,0.48134152102031175,0.4889411764705882,0.49456778460085027,0.49506346967559944,0.5281058101086443,0.5980160604629192,0.6480869154463864,0.7035294117647058,0.7345299952763344,0.7959376476145489,0.8607058823529412,0.9003291020216267,0.9418989135569201,0.9416470588235294,0.9468235294117647,0.9220595181861124,0.9003306565895135,0.8483703353802551,0.8046620046620047,0.7482742751955821,0.7085498346717053,0.6362777515351913,0.5729806329711856,0.545201668984701,0.4964904071127749,0.4894117647058824,0.48323098724610297,0.4992947813822285,0.5295229097779878,0.5644780349551252,0.602204869085898,0.6630588235294118,0.7151629664619745,0.7784600850259802,0.8277904328018223,0.8824635637047484,0.916235294117647,0.9499291450165328,0.9423887587822014,0.9301369863013699,0.92054536906441,0.8941176470588236,
0.8847425602267359,0.8502598016060463,0.7790314997649271,0.7175247992442135,0.688293370944993,0.6339159187529523,0.5827239488117002,0.5507794048181389,0.5307159353348729,0.5240992044922789,0.5307945463093559,0.535966149506347,0.5642691415313225,0.616,0.6547000472366556,0.7075693464974142,0.7822390174775626,0.8274565115185708,0.8687058823529412,0.9049411764705882,0.9343410486537553,0.9452054794520548,0.9558062999529854,0.9304184297132111,0.9059152305542617,0.8786017949929145,0.8171941426547,0.7670588235294118,0.7076051015588096,0.6551724137931034,0.6339159187529523,0.5763986835919135,0.5318847425602268,0.5251764705882352,0.5247252747252747,0.5224374114312706,0.5498346717052432,0.5876239962210675,0.6422190879172543,0.6832941176470588,0.7343676539727315,0.8034955125177138,0.834199338686821,0.8899385923476618,0.921015514809591,0.9395370807746811,0.949456778460085,0.942371280113368,0.9319792158715163,0.8749412317818523,
0.8899385923476618,0.8536470588235294,0.7968823807274446,0.7536436295251528,0.7165800661313179,0.6797354747283892,0.5947343676539727,0.5800661313179027,0.5621162021728862,0.5524212505876822,0.5517241379310345,0.5635770843036796,0.5990588235294118,0.6396797153024911,0.6785882352941176,0.7197802197802198,0.7910588235294118,0.8334102445777573,0.8734411085450347,0.9148235294117647,0.9419383653416704,0.9491764705882353,0.9555975436939065,0.9305621162021729,0.9126121870571563,0.8768149882903982,0.8283062645011601,0.7678989237248479,0.7519450800915332,0.6617855455833727,0.6402410755679184,0.5989656793606017,0.5658951346244686,0.5496503496503496,0.5388914764788076,0.5676814988290398,0.5900329102021626,0.632026452527161,0.6569309225776542,0.7122133832475432,0.7512929007992478,0.8182669789227166,0.8503529411764705,0.8945882352941177,0.926657263751763,0.9534117647058824,0.9454545454545454,0.9461502125649504,0.9210045662100457,0.8791725434884814,
0.9022201228153047,0.8809636277751535,0.8261474269819193,0.7573770491803279,0.7335852621634388,0.687293339631554,0.6404705882352941,0.6102003642987249,0.6055477197931358,0.5746916400182732,0.5795937647614549,0.6112423240434577,0.6334435521965045,0.6630588235294118,0.7042985356636751,0.7657326596233348,0.8086915446386396,0.8511606736458808,0.8856872933396316,0.9282002834199339,0.9404818138875768,0.9540983606557377,0.9624129930394432,0.9381199811053378,0.9193473193473194,0.8850946008306414,0.843764705882353,0.7864903164855929,0.7543693906471421,0.7195178488641631,0.6669728984841525,0.6282475200755786,0.6048534798534798,0.5928537846732487,0.5895134624468588,0.591988821611551,0.6368298368298368,0.6386395843174303,0.689893862482695,0.7173607861488067,0.783656117146906,0.8233349078885215,0.8601794992914502,0.9041095890410958,0.9351425942962281,0.9457579972183588,0.9560699102503543,0.9441136051305543,0.9395477618827872,0.9026924893717525,
0.9073467477772579,0.8729411764705882,0.8356164383561644,0.7804419370004702,0.7544827586206897,0.7151629664619745,0.6662094192958391,0.6551724137931034,0.6368298368298368,0.6195601310248011,0.6150212564950401,0.6409411764705882,0.6674539442607463,0.6833870225494708,0.7348946135831381,0.7912139820500709,0.8091208274565115,0.8414117647058823,0.8974964572508266,0.942371280113368,0.9489844119036372,0.9566837447601304,0.9576152771308803,0.9449929478138223,0.9215777262180974,0.8992941176470588,0.8511932615816565,0.8238072744449693,0.7734265734265734,0.7515151515151515,0.6882380727444497,0.637222484648087,0.6492712740949694,0.6192725555030704,0.6267042783262812,0.6337564645039963,0.6672621706118803,0.6882380727444497,0.7142182333490789,0.7475638051044083,0.7865429234338747,0.856,0.8779692594317653,0.9090487238979118,0.9480396787907416,0.9574870099196977,0.9534555712270804,0.9562764456981664,0.9428436466698158,0.9102503542749173,
0.9161704076958315,0.8869565217391304,0.8549834671705243,0.821917808219178,0.7732640529050543,0.7391100702576112,0.695388914764788,0.6929617383089277,0.6638850254983774,0.6785212915301825,0.6603684459140293,0.6797354747283892,0.7104393008974964,0.726463700234192,0.7601830663615561,0.7978271138403401,0.8497874350495985,0.8763516690173954,0.9077647058823529,0.9377049180327869,0.954180444024563,0.9661176470588235,0.9574870099196977,0.9473443223443223,0.9270004679457183,0.9093056211620217,0.8757675956542277,0.834199338686821,0.807746811525744,0.7512929007992478,0.7298063297118564,0.7150916784203103,0.6655644780349551,0.6680771039022096,0.651393481341521,0.6882380727444497,0.6920170051960322,0.7113840340103921,0.7562588568729334,0.780309936189608,0.8029670839128419,0.8631875881523272,0.9054117647058824,0.9326354119253527,0.9464033850493653,0.9633286318758815,0.9656793606017866,0.9645725082664147,0.9388810531264692,0.9167816091954023,
0.9285387081997252,0.8885214926783184,0.8657129672358099,0.844851904090268,0.8086506817113305,0.7741046831955923,0.7482286254133207,0.7364194615021257,0.69158439116126,0.7023977433004231,0.7070992007522332,0.7230841560883874,0.7345299952763344,0.7628719886632026,0.7841284837033538,0.8252243741143127,0.8573452999527633,0.8871043930089749,0.9303529411764706,0.9370004701457452,0.956542276806802,0.9659896079357582,0.9683514407179972,0.9603212092583845,0.9343410486537553,0.9074161549362305,0.8880491261218706,0.8497874350495985,0.8241654913023038,0.7982994803967879,0.764927127409497,0.7222484648086915,0.7236533957845434,0.7070938215102975,0.7094945677846008,0.7099669343410486,0.7261176470588235,0.7549883990719257,0.7862068965517242,0.8018823529411765,0.8488427019367029,0.870099196976854,0.9192253188474256,0.9310344827586207,0.951818611242324,0.9628584861307005,0.9707132735002362,0.9655172413793104,0.947094945677846,0.9338686820973076,
0.9329239489844119,0.9101176470588235,0.8908665105386416,0.8569411764705882,0.8318375059045819,0.8013986013986014,0.7480387632671897,0.7557864903164856,0.7484777517564403,0.7445221445221445,0.7472838923004251,0.7559943582510579,0.772027972027972,0.7987718469532357,0.810108644307983,0.8509637987776211,0.8880491261218706,0.8946386946386946,0.9258384506376949,0.947094945677846,0.9656793606017866,0.9689411764705882,0.9699106723084157,0.9647435897435898,0.942371280113368,0.9348134152102031,0.9026924893717525,0.8663202645252717,0.8512045347189419,0.8133949191685912,0.7889045604137283,0.7831837505904582,0.7574099407204742,0.7468531468531469,0.7423887587822015,0.7536436295251528,0.7428571428571429,0.7916863486065187,0.8017280582082765,0.8298072402444758,0.8658478979688238,0.8914311350381336,0.9267831837505904,0.9370004701457452,0.9626830420406235,0.968,0.9706943192064923,0.9647058823529412,0.9586271744240714,0.9461502125649504,
0.954180444024563,0.92616226071103,0.9073812881993418,0.8702397743300423,0.8611242324043458,0.8483703353802551,0.8218147625763987,0.7915294117647059,0.7940761636107193,0.7884344146685472,0.7818523742360132,0.8032941176470588,0.8138875767595655,0.821917808219178,0.8540387340576288,0.8710439300897497,0.8931604827894501,0.919605077574048,0.9337094499294781,0.9662763466042155,0.9782711384034011,0.9792158715162966,0.9768540387340576,0.9664619744922059,0.9572167371885284,0.9481748535376295,0.9268747088961341,0.8927727916863486,0.8771689497716895,0.8592347661785545,0.810108644307983,0.8034955125177138,0.7904109589041096,0.7779877184695324,0.7803495512517714,0.783656117146906,0.7978474496958353,0.8278422273781902,0.8450637694851204,0.8523742360131641,0.8834038551951104,0.9051763628034815,0.9258384506376949,0.9572610294117647,0.9628584861307005,0.9773264052905054,0.9694117647058823,0.9732016925246827,0.973547472838923,0.949456778460085,
0.9498839907192576,0.9441647597254005,0.9228235294117647,0.9036031820308844,0.8758652514997692,0.8427019367028814,0.8417572035899858,0.8271138403401039,0.8075294117647058,0.8223901747756259,0.8266110338433009,0.8172494172494172,0.8304204062352385,0.8497874350495985,0.8757675956542277,0.8950984883188273,0.921485660554772,0.940009447331129,0.9482999534233815,0.9609779031499764,0.9796882380727444,0.9766711529834007,0.9777987718469532,0.9746121297602257,0.9593764761454889,0.9522909777987718,0.9337094499294781,0.9168634860651866,0.8768218147625764,0.8834038551951104,0.8613070051716032,0.8351440717997166,0.8167217760982523,0.8143599433160132,0.8356164383561644,0.8194640338504936,0.8269863657733898,0.8346717052432687,0.8547249647390691,0.8730606488011283,0.9008030231459613,0.9225318847425602,0.930222020842773,0.9527633443552197,0.9713211095439587,0.9768540387340576,0.9801606046291923,0.9768540387340576,0.9641001417099669,0.9572167371885284,
0.9618823529411765,0.9522909777987718,0.9341176470588235,0.9156908665105387,0.9086294416243654,0.8913556920170052,0.8795465281058101,0.8592347661785545,0.8627174424071462,0.8526216343882853,0.8556652562294311,0.860651865847898,0.8575406032482599,0.8809636277751535,0.8909740840035746,0.9149740198393954,0.9258384506376949,0.9475673122342938,0.9655172413793104,0.9736718382698637,0.9816643159379408,0.9840749414519906,0.9891355692017005,0.9749645725082664,0.9782711384034011,0.9593533487297922,0.9511048425011753,0.9324515824279641,0.9113689095127611,0.8947122133832476,0.8772919605077574,0.8771846953235711,0.8599531615925059,0.856551724137931,0.8585812356979405,0.8627174424071462,0.8672649976381672,0.8767123287671232,0.8847549909255898,0.8956276445698167,0.916235294117647,0.9433160132262636,0.9626830420406235,0.9609411764705882,0.9779031499764927,0.9811053377420879,0.9834671705243269,0.9802352941176471,0.9773264052905054,0.9636277751535192,
0.9759093056211621,0.9607935758148323,0.9505882352941176,0.9399538106235565,0.930276087973795,0.9096470588235294,0.9055266887104393,0.8800188946622579,0.8762399622106755,0.8894662257912139,0.8852149267831837,0.8965679360601787,0.8904109589041096,0.916235294117647,0.913556920170052,0.9319792158715163,0.9510588235294117,0.9602739726027397,0.9746121297602257,0.9759093056211621,0.9853566367501181,0.9853566367501181,0.9842227378190255,0.9825206991720331,0.9726027397260274,0.9609800362976406,0.9554022988505747,0.9468235294117647,0.9226828132277597,0.9250585480093677,0.9044705882352941,0.9016241299303944,0.89386248269497,0.8889411764705882,0.883248730964467,0.8802058961160505,0.8960793575814833,0.9026924893717525,0.906471421823335,0.9270588235294117,0.9385923476617856,0.9537080774681153,0.958904109589041,0.972960372960373,0.9816643159379408,0.9830588235294118,0.9896079357581483,0.9821344616831218,0.9779031499764927,0.9736718382698637,
0.9783529411764705,0.9758761948111061,0.9614480488951574,0.9585882352941176,0.940570893776322,0.9312941176470588,0.9317647058823529,0.926896551724138,0.9196976854038734,0.9082652134423251,0.92,0.9250116441546343,0.920656634746922,0.9333963155408597,0.9356643356643357,0.9555657352267521,0.9614480488951574,0.9651972157772621,0.9770491803278688,0.9825224374114313,0.9938823529411764,0.9891866478608369,0.988399071925754,0.9838486386709737,0.9811941701927598,0.9767981438515081,0.9723653395784543,0.9555975436939065,0.9485918641037103,0.9388235294117647,0.9313587212035731,0.924306535025858,0.9116674539442607,0.9091322126306225,0.9153737658674189,0.9178082191780822,0.9115401885945218,0.9305621162021729,0.9291450165328294,0.9428436466698158,0.956542276806802,0.968823807274445,0.9782711384034011,0.9830747531734838,0.9910250354274918,0.9858290033065659,0.9896079357581483,0.9863013698630136,0.9877184695323571,0.9783529411764705,
0.9834671705243269,0.9777987718469532,0.9759093056211621,0.968823807274445,0.9584317430325933,0.9496336996336996,0.9480396787907416,0.9450945094509451,0.9341176470588235,0.9308291342189647,0.9360601786553832,0.9426422190879172,0.9534555712270804,0.9522909777987718,0.9607935758148323,0.9642689233662435,0.9726027397260274,0.9802538787023978,0.9858290033065659,0.9868359191349318,0.9872461029759093,0.9943529411764706,0.9943316013226263,0.9901639344262295,0.9911007025761124,0.9847009735744089,0.9819193324061196,0.9647390691114246,0.9612659423712802,0.9539257169722614,0.947094945677846,0.9468621163536418,0.9404818138875768,0.9480396787907416,0.934106728538283,0.9402914903620122,0.9570835256114444,0.9508738781294285,0.9529137529137529,0.9487771112136595,0.9692961738308927,0.9759093056211621,0.9801606046291923,0.9865554010199351,0.9884633133364098,0.9943582510578279,0.9972311952007383,0.9912321181356715,0.9920075223319229,0.9825224374114313,
0.9872321021431828,0.9886632026452528,0.9851508120649652,0.9807780320366133,0.9721303731695796,0.9631554085970713,0.9659896079357582,0.9615206305053314,0.957884885353299,0.9574870099196977,0.9612659423712802,0.9631554085970713,0.9659896079357582,0.9722352941176471,0.968823807274445,0.9821344616831218,0.9838932351587667,0.9864801864801864,0.9886632026452528,0.9949238578680203,0.9962564342536265,0.9929411764705882,0.9973202322465387,0.995764705882353,0.9920075223319229,0.9896567936060179,0.9844851904090268,0.9769628584861307,0.9741419840150447,0.9726027397260274,0.968823807274445,0.9740198393953708,0.9607935758148323,0.9612659423712802,0.9694117647058823,0.9599067599067599,0.9667447306791569,0.9650448748228625,0.9634660421545668,0.9766027140851661,0.9750588235294118,0.9815242494226328,0.9884526558891455,0.9914974019839395,0.9886632026452528,0.9949725776965265,0.9971764705882353,0.9936218678815489,0.9940229885057471,0.9919697685403873,
0.9943316013226263,0.9948039678790742,0.9904021937842779,0.9854254818993888,0.9853566367501181,0.9788434414668548,0.9783732957216738,0.9749645725082664,0.9771062271062271,0.981986143187067,0.9793135872120358,0.9789424426766495,0.9773672055427252,0.9811053377420879,0.985081585081585,0.988558352402746,0.9896567936060179,0.9940284795590262,0.9967058823529412,0.9957845433255269,0.9934179595674659,0.9981105337742088,0.9966934341048653,0.9966934341048653,0.9968181818181818,0.9938881053126469,0.9924705882352941,0.9905882352941177,0.9872461029759093,0.9839395370807746,0.9843540455967814,0.9816643159379408,0.9788434414668548,0.9783732957216738,0.9873060648801129,0.9792158715162966,0.9774330042313117,0.9796882380727444,0.9844705882352941,0.9849553361542078,0.9910250354274918,0.9873536299765808,0.9929478138222849,0.9966934341048653,0.9962738705170004,0.9972054028877504,0.9981264637002342,0.997638167217761,0.9954483386436049,0.992914501653283,
0.997638167217761,0.9957487009919698,0.9963353183692166,0.9943582510578279,0.9920075223319229,0.990578734858681,0.9915373765867419,0.9896079357581483,0.990552668871044,0.9919697685403873,0.9908130454754249,0.9910250354274918,0.9943316013226263,0.9910588235294118,0.992914501653283,0.9915294117647059,0.9957487009919698,0.996708979783733,0.9995276334435522,1.0,0.997638167217761,0.9995493465525012,1.0,0.9990552668871044,0.996238834038552,0.9976689976689976,0.9966934341048653,0.9944108057755007,0.9925058548009368,0.9919697685403873,0.9940720474236207,0.9910250354274918,0.9896955503512881,0.9929808142255498,0.9910250354274918,0.9891355692017005,0.9881908360888049,0.9935095039406583,0.9916083916083916,0.995276334435522,0.9944315545243619,0.994847775175644,0.9971658006613132,0.9950090744101633,0.998589562764457,0.997638167217761,0.9985829003306566,0.997638167217761,0.9985829003306566,0.9990552668871044,
1.0,0.9990552668871044,0.9990552668871044,0.9962210675484175,0.9990552668871044,0.9985882352941177,0.9971658006613132,0.9985882352941177,0.997254004576659,0.9981351981351981,0.9995276334435522,0.9995533720410897,0.995768688293371,0.997179125528914,0.9985829003306566,0.9990588235294118,0.9985829003306566,0.9995276334435522,1.0,1.0,1.0,1.0,0.9995276334435522,1.0,1.0,0.9990552668871044,0.9990552668871044,0.997649271274095,0.9985882352941177,0.9977116704805492,0.997638167217761,0.998119417019276,0.996708979783733,0.9977106227106227,0.9981105337742088,0.9981105337742088,0.999059708509638,0.9966934341048653,0.9981105337742088,0.9962210675484175,0.9971658006613132,0.9985829003306566,0.999529854254819,1.0,1.0,0.9995276334435522,1.0,1.0,1.0,0.999089667728721,
1.0,1.0,1.0,1.0,1.0,1.0,1.0,1.0,1.0,1.0,1.0,1.0,1.0,1.0,1.0,1.0,1.0,1.0,1.0,1.0,1.0,1.0,1.0,1.0,1.0,1.0,1.0,1.0,1.0,1.0,1.0,1.0,1.0,1.0,1.0,1.0,1.0,1.0,1.0,1.0,1.0,1.0,1.0,1.0,1.0,1.0,1.0,1.0,1.0,1.0,
