0.9676650782845473,0.969047619047619,0.9673247106875426,0.9625850340136054,0.9639210347174949,0.9646138142225247,0.9639210347174949,0.9653061224489796,0.9690265486725663,0.9687181230873853,0.9673247106875426,0.9680272108843537,0.9670180210812649,0.9632402995234853,0.9656228727025187,0.9642857142857143,0.9612376742604556,0.9680272108843537,0.9697278911564626,0.9676650782845473,
0.9680163320857434,0.9659863945578231,0.960857726344452,0.9574685267097652,0.9506634909833277,0.9537414965986395,0.9588295338550528,0.9612112963593059,0.9618788291354663,0.9683781026861612,0.9669843430905378,0.9675126903553299,0.9598912304554724,0.9581347855684139,0.9499659632402995,0.9567438692098093,0.9601905410003403,0.9656228727025187,0.9673691366417403,0.9701997968167965,
0.9680163320857434,0.9642857142857143,0.9505678022712091,0.9370748299319728,0.9384353741496598,0.9219430485762145,0.933718558803535,0.9450661241098678,0.9557672677781558,0.9676650782845473,0.9700437563110064,0.9602176130567834,0.9493024838380402,0.9279156749404964,0.9220823409322899,0.9332652366360231,0.9316093909493025,0.9511868940153795,0.9649659863945578,0.9690265486725663,
0.9680163320857434,0.955071477195371,0.9414567733151804,0.9010540632437947,0.8931841302136317,0.8829533855052739,0.8923129021334236,0.927891156462585,0.9476012249064307,0.9656228727025187,0.9652943177951684,0.9475833900612661,0.9145473041709054,0.8948621980265397,0.8740639891082369,0.8751700680272109,0.9033356024506467,0.9333333333333333,0.95643294758339,0.968485259234158,
0.9687181230873853,0.9564477713507996,0.915929203539823,0.8621980265396393,0.8281728479074515,0.8306122448979592,0.8447923757658271,0.8917999319496427,0.9326072157930565,0.9625723035045934,0.9646017699115044,0.930248383804015,0.8856364874063989,0.8451327433628318,0.8180272108843537,0.8322558693433141,0.8693877551020408,0.9149659863945578,0.9513439945559714,0.9683673469387755,
0.9676650782845473,0.9462402177611432,0.8839741408642395,0.8206873086083702,0.7761143246002041,0.7549353301565691,0.7981620149761742,0.8540319836679142,0.9155888359428183,0.9653297076818491,0.9629125552909152,0.9247787610619469,0.8590878148400273,0.7935374149659864,0.7567199727798571,0.7641252552756977,0.8223885675399796,0.8834126444595514,0.944860449285228,0.9676650782845473,
0.9680163320857434,0.938817131203263,0.8672086720867209,0.7804628999319265,0.7207482993197278,0.6974932249322493,0.7423417290673928,0.8223281143635126,0.9136054421768708,0.9625850340136054,0.9619047619047619,0.9101735284110242,0.826766304347826,0.7430224642614023,0.7014620877252635,0.7170068027210884,0.7791014295439074,0.8642395372575706,0.9411164057181757,0.9676650782845473,
0.9680163320857434,0.9404356705241661,0.8597685500340367,0.748553929908132,0.6790207412444746,0.6395507147719537,0.7021783526208305,0.7784960871044573,0.8890401633764465,0.9605307927866621,0.9582059123343527,0.8944860449285228,0.7863218781898605,0.6987746766507829,0.6595238095238095,0.6547619047619048,0.7380061245321538,0.8424098025867938,0.9370319945541185,0.9680163320857434,
0.9699628754640567,0.9319727891156463,0.8353181354202109,0.6899198931909212,0.6215112321307011,0.6106194690265486,0.6630360789652825,0.769571136827774,0.8820530251529571,0.9588715159755269,0.9574829931972789,0.8915334920095206,0.7617426820966644,0.6572498298162015,0.6052363141788507,0.6252552756977535,0.722108843537415,0.8291354663036079,0.9343983684568321,0.9691943127962085,
0.9683673469387755,0.9247967479674797,0.8316326530612245,0.6958149030282409,0.6022456617897244,0.555741546702377,0.6496598639455783,0.7576478585995922,0.8836338890779176,0.9550149950016661,0.9595238095238096,0.882613133718952,0.763667232597623,0.650901667233753,0.5859135760462743,0.6109598366235535,0.6993197278911565,0.8159863945578232,0.9309053778080327,0.9693537641572285,
0.9683673469387755,0.9224225927186118,0.821647379169503,0.7012589316093909,0.6119809394145678,0.5850918992511913,0.6406941136440967,0.7707482993197279,0.8795508676420551,0.9564343163538874,0.9581490302824089,0.8815520762423418,0.7672677781558354,0.6468186457978904,0.5879550867642055,0.6064625850340136,0.7008168822328115,0.8129251700680272,0.9265056141544743,0.9680163320857434,
0.9680163320857434,0.9251700680272109,0.8374702482148929,0.7231292517006803,0.6227891156462585,0.6121129635930589,0.6606535057862492,0.7724489795918368,0.8816326530612245,0.9584892820687309,0.9595100374276965,0.8820530251529571,0.7625042531473291,0.668141592920354,0.6058543226684819,0.6238938053097345,0.7055820285908782,0.8181205793196362,0.9258251105818306,0.9680163320857434,
0.9680163320857434,0.9312691391629806,0.8488767869298843,0.7475331745491663,0.6750595440626064,0.6480599046970729,0.7011572498298162,0.7840136054421769,0.9006126616746086,0.960857726344452,0.9598502892140184,0.897208985704561,0.7957794417971409,0.7070432119768629,0.6497617426820966,0.6664397549353301,0.7477906186267845,0.8546630360789653,0.9312691391629806,0.968485259234158,
0.9680163320857434,0.94385845525689,0.8682777399591559,0.7756692646560488,0.7247363048656006,0.6957851801495581,0.7325620959510037,0.822108843537415,0.902995234853642,0.957247828991316,0.9619047619047619,0.907791765906771,0.823469387755102,0.7380952380952381,0.6994219653179191,0.717443046582795,0.7747533174549166,0.8624914908100749,0.9421965317919075,0.9680163320857434,
0.9683673469387755,0.9458815520762424,0.888095238095238,0.8097345132743363,0.7755102040816326,0.7594339622641509,0.7959183673469388,0.8502382573179034,0.9197031039136302,0.963265306122449,0.9612112963593059,0.9218484539585458,0.856029810298103,0.7880231371214699,0.7647858599592114,0.773732562095951,0.8179033356024507,0.8924804355222865,0.9469568174090446,0.9683673469387755,
0.9687181230873853,0.9530612244897959,0.9145968016332086,0.858739837398374,0.8341264445955132,0.8288533514800953,0.8402027027027027,0.8775510204081632,0.9282068730860837,0.9649181423321083,0.964625850340136,0.9346938775510204,0.8917999319496427,0.8551513090785448,0.821027560394692,0.8240299523485364,0.8585034013605443,0.9183117767188563,0.9530292716133424,0.9676650782845473,
0.9680163320857434,0.9574540503744043,0.9363945578231293,0.9081632653061225,0.8843143926505614,0.8798911194283769,0.8852961198093942,0.9200408302143587,0.946920721333787,0.9683888511216859,0.9642735624362028,0.9517006802721089,0.9179993194964273,0.8924804355222865,0.8887376658727458,0.8798502382573179,0.899625723035046,0.9309288873766587,0.9571136827773996,0.9676650782845473,
0.9680163320857434,0.9659863945578231,0.9522207267833109,0.9346716570261994,0.9279156749404964,0.9227628445049336,0.9278666212997618,0.9469387755102041,0.9561075195644777,0.9673247106875426,0.9680489462950373,0.9581632653061225,0.946920721333787,0.9282068730860837,0.914567733151804,0.9223961878829136,0.9353301565690946,0.9561075195644777,0.9646017699115044,0.9676650782845473,
0.9680163320857434,0.9669955767267778,0.9642857142857143,0.9544372662359741,0.9560925799863853,0.9517499150526674,0.9622320517182715,0.9609109449354181,0.9622320517182715,0.9684959349593496,0.966643975493533,0.9636054421768707,0.9627875507442489,0.9561075195644777,0.9557973478408704,0.9546070460704607,0.9591697856413747,0.9636301835486064,0.9659748213678122,0.9676650782845473,
0.9683673469387755,0.969047619047619,0.9697072838665759,0.9646378782726963,0.9615515481456277,0.9642735624362028,0.9646138142225247,0.9649540660088466,0.9673358285130997,0.9698593436034829,0.9676760802994215,0.9649778986739205,0.9680163320857434,0.962219196732471,0.9653061224489796,0.9656228727025187,0.9642614023144996,0.9669955767267778,0.9686875416389074,0.9676650782845473,
