Filename,Alpha_Coeff,Alpha_Label,Pt,States,Rows,Cols,R2_Score,RMSE
alpha_0.50pi_Pt_1.0000_100x100_mesh_1.0E+04_states_SIM_02_05_2026_22_48_24.csv,0.5,0.50π,1.0,10000.0,100,100,0.9991871298511015,0.008223347391830001
alpha_0.50pi_Pt_1.0000_100x100_mesh_2.5E+04_states_SIM_02_05_2026_22_46_50.csv,0.5,0.50π,1.0,25000.0,100,100,0.9996803783143101,0.005156513611154662
alpha_1.00pi_Pt_1.0000_100x100_mesh_2.0E+04_states_SIM_02_05_2026_22_57_41.csv,1.0,1.00π,1.0,20000.0,100,100,0.9989709201175949,0.004473572842725954
alpha_0.75pi_Pt_1.0000_100x100_mesh_5.0E+03_states_SIM_02_05_2026_22_54_05.csv,0.75,0.75π,1.0,5000.0,100,100,0.9969511579205699,0.011455463390312257
alpha_1.25pi_Pt_1.0000_100x100_mesh_1.0E+04_states_SIM_02_05_2026_23_03_52.csv,1.25,1.25π,1.0,10000.0,100,100,0.9985535849478949,0.00789026633705412
alpha_0.25pi_Pt_1.0000_100x100_mesh_3.5E+04_states_SIM_02_05_2026_22_40_37.csv,0.25,0.25π,1.0,35000.0,100,100,0.9995820839010721,0.004241209714320851
alpha_0.00pi_Pt_1.0000_100x100_mesh_3.5E+04_states_SIM_02_05_2026_22_35_27.csv,0.0,0.00π,1.0,35000.0,100,100,0.9994164772773725,0.0033686729975102568
alpha_0.00pi_Pt_1.0000_100x100_mesh_1.0E+04_states_SIM_02_05_2026_22_38_05.csv,0.0,0.00π,1.0,10000.0,100,100,0.9979144474853039,0.00636854957971953
alpha_0.25pi_Pt_1.0000_100x100_mesh_1.5E+04_states_SIM_02_05_2026_22_42_43.csv,0.25,0.25π,1.0,15000.0,100,100,0.9989945312198506,0.006578539579522444
alpha_0.25pi_Pt_1.0000_100x100_mesh_4.0E+04_states_SIM_02_05_2026_22_40_04.csv,0.25,0.25π,1.0,40000.0,100,100,0.9996247765360406,0.004018742604157483
alpha_0.50pi_Pt_1.0000_100x100_mesh_3.5E+04_states_SIM_02_05_2026_22_45_46.csv,0.5,0.50π,1.0,35000.0,100,100,0.9997659145597192,0.004412911833819725
alpha_0.50pi_Pt_1.0000_100x100_mesh_1.5E+04_states_SIM_02_05_2026_22_47_53.csv,0.5,0.50π,1.0,15000.0,100,100,0.9994600194273506,0.006702350216402323
alpha_0.00pi_Pt_1.0000_100x100_mesh_2.5E+04_states_SIM_02_05_2026_22_36_31.csv,0.0,0.00π,1.0,25000.0,100,100,0.9991806888778872,0.003991667834398593
alpha_0.00pi_Pt_1.0000_100x100_mesh_2.0E+04_states_SIM_02_05_2026_22_37_02.csv,0.0,0.00π,1.0,20000.0,100,100,0.9989870841796411,0.004438299918128017
alpha_1.25pi_Pt_1.0000_100x100_mesh_4.5E+04_states_SIM_02_05_2026_23_00_10.csv,1.25,1.25π,1.0,45000.0,100,100,0.9996700637054895,0.0037684281829448644
alpha_0.75pi_Pt_1.0000_100x100_mesh_1.5E+04_states_SIM_02_05_2026_22_53_03.csv,0.75,0.75π,1.0,15000.0,100,100,0.9990009615786659,0.006557469695041037
alpha_0.25pi_Pt_1.0000_100x100_mesh_5.0E+03_states_SIM_02_05_2026_22_43_45.csv,0.25,0.25π,1.0,5000.0,100,100,0.9970892713203535,0.011192988545852205
alpha_0.75pi_Pt_1.0000_100x100_mesh_3.5E+04_states_SIM_02_05_2026_22_50_56.csv,0.75,0.75π,1.0,35000.0,100,100,0.9995722375473083,0.00429088156437671
alpha_0.00pi_Pt_1.0000_100x100_mesh_4.5E+04_states_SIM_02_05_2026_22_34_23.csv,0.0,0.00π,1.0,45000.0,100,100,0.9995583461575391,0.002930697378269299
alpha_0.50pi_Pt_1.0000_100x100_mesh_2.0E+04_states_SIM_02_05_2026_22_47_22.csv,0.5,0.50π,1.0,20000.0,100,100,0.9995918159640146,0.005827282294539825
alpha_0.75pi_Pt_1.0000_100x100_mesh_2.0E+04_states_SIM_02_05_2026_22_52_32.csv,0.75,0.75π,1.0,20000.0,100,100,0.9992227329449435,0.005784027204411529
alpha_1.25pi_Pt_1.0000_100x100_mesh_1.5E+04_states_SIM_02_05_2026_23_03_21.csv,1.25,1.25π,1.0,15000.0,100,100,0.9989776101749115,0.006633663782445163
alpha_0.25pi_Pt_1.0000_100x100_mesh_4.5E+04_states_SIM_02_05_2026_22_39_32.csv,0.25,0.25π,1.0,45000.0,100,100,0.9996692421136371,0.0037731172470037303
alpha_0.50pi_Pt_1.0000_100x100_mesh_4.5E+04_states_SIM_02_05_2026_22_44_42.csv,0.5,0.50π,1.0,45000.0,100,100,0.9998171208217249,0.003900499085867005
alpha_0.25pi_Pt_1.0000_100x100_mesh_1.0E+03_states_SIM_02_05_2026_22_44_15.csv,0.25,0.25π,1.0,1000.0,100,100,0.9851262275632385,0.02530205311803891
alpha_1.00pi_Pt_1.0000_100x100_mesh_3.5E+04_states_SIM_02_05_2026_22_56_06.csv,1.0,1.00π,1.0,35000.0,100,100,0.9994156755962197,0.003370986253377491
alpha_0.25pi_Pt_1.0000_100x100_mesh_1.0E+04_states_SIM_02_05_2026_22_43_15.csv,0.25,0.25π,1.0,10000.0,100,100,0.998498668556004,0.00803865679417445
alpha_0.00pi_Pt_1.0000_100x100_mesh_1.5E+04_states_SIM_02_05_2026_22_37_34.csv,0.0,0.00π,1.0,15000.0,100,100,0.9987000457085382,0.005027985426633821
alpha_0.00pi_Pt_1.0000_100x100_mesh_5.0E+03_states_SIM_02_05_2026_22_38_35.csv,0.0,0.00π,1.0,5000.0,100,100,0.9960383948316686,0.008777393405290417
alpha_1.00pi_Pt_1.0000_100x100_mesh_4.0E+04_states_SIM_02_05_2026_22_55_34.csv,1.0,1.00π,1.0,40000.0,100,100,0.9994730882298287,0.0032010976250523345
alpha_0.25pi_Pt_1.0000_100x100_mesh_2.0E+04_states_SIM_02_05_2026_22_42_12.csv,0.25,0.25π,1.0,20000.0,100,100,0.9992841254339068,0.005550903319439351
alpha_0.75pi_Pt_1.0000_100x100_mesh_4.0E+04_states_SIM_02_05_2026_22_50_24.csv,0.75,0.75π,1.0,40000.0,100,100,0.9996218889764329,0.004034176232215494
alpha_0.50pi_Pt_1.0000_100x100_mesh_4.0E+04_states_SIM_02_05_2026_22_45_14.csv,0.5,0.50π,1.0,40000.0,100,100,0.9997984012743981,0.004095264350454614
alpha_0.50pi_Pt_1.0000_100x100_mesh_3.0E+04_states_SIM_02_05_2026_22_46_18.csv,0.5,0.50π,1.0,30000.0,100,100,0.99972769603195,0.004759540586994511
alpha_0.25pi_Pt_1.0000_100x100_mesh_2.5E+04_states_SIM_02_05_2026_22_41_41.csv,0.25,0.25π,1.0,25000.0,100,100,0.9993979274645376,0.0050906074073127075
alpha_1.25pi_Pt_1.0000_100x100_mesh_3.5E+04_states_SIM_02_05_2026_23_01_15.csv,1.25,1.25π,1.0,35000.0,100,100,0.99957143793439,0.004294890147177132
alpha_1.00pi_Pt_1.0000_100x100_mesh_1.0E+03_states_SIM_02_05_2026_22_59_44.csv,1.0,1.00π,1.0,1000.0,100,100,0.979440058359984,0.019995897781588837
alpha_0.75pi_Pt_1.0000_100x100_mesh_1.0E+03_states_SIM_02_05_2026_22_54_35.csv,0.75,0.75π,1.0,1000.0,100,100,0.9852777579855602,0.025172837550226836
alpha_0.75pi_Pt_1.0000_100x100_mesh_3.0E+04_states_SIM_02_05_2026_22_51_29.csv,0.75,0.75π,1.0,30000.0,100,100,0.9994984288905249,0.004646344994982104
alpha_0.00pi_Pt_1.0000_100x100_mesh_3.0E+04_states_SIM_02_05_2026_22_35_59.csv,0.0,0.00π,1.0,30000.0,100,100,0.9993222050667558,0.003630606059923802
alpha_1.25pi_Pt_1.0000_100x100_mesh_5.0E+03_states_SIM_02_05_2026_23_04_23.csv,1.25,1.25π,1.0,5000.0,100,100,0.9970871857460948,0.011196997787406791
alpha_1.00pi_Pt_1.0000_100x100_mesh_5.0E+03_states_SIM_02_05_2026_22_59_14.csv,1.0,1.00π,1.0,5000.0,100,100,0.9959263164236973,0.00890068876825093
alpha_0.50pi_Pt_1.0000_100x100_mesh_1.0E+03_states_SIM_02_05_2026_22_49_25.csv,0.5,0.50π,1.0,1000.0,100,100,0.9915320097547196,0.02654166871609541
alpha_0.75pi_Pt_1.0000_100x100_mesh_4.5E+04_states_SIM_02_05_2026_22_49_52.csv,0.75,0.75π,1.0,45000.0,100,100,0.9996683681806147,0.0037780986497534946
alpha_0.00pi_Pt_1.0000_100x100_mesh_4.0E+04_states_SIM_02_05_2026_22_34_55.csv,0.0,0.00π,1.0,40000.0,100,100,0.9994949235903335,0.0031340686954918315
alpha_1.00pi_Pt_1.0000_100x100_mesh_3.0E+04_states_SIM_02_05_2026_22_56_38.csv,1.0,1.00π,1.0,30000.0,100,100,0.9993036452979985,0.0036799780260763247
alpha_0.75pi_Pt_1.0000_100x100_mesh_2.5E+04_states_SIM_02_05_2026_22_52_01.csv,0.75,0.75π,1.0,25000.0,100,100,0.9993932535541431,0.005110328490146506
alpha_1.25pi_Pt_1.0000_100x100_mesh_4.0E+04_states_SIM_02_05_2026_23_00_43.csv,1.25,1.25π,1.0,40000.0,100,100,0.9996292550413847,0.0039946876224743934
alpha_0.25pi_Pt_1.0000_100x100_mesh_3.0E+04_states_SIM_02_05_2026_22_41_09.csv,0.25,0.25π,1.0,30000.0,100,100,0.9995020713770674,0.004629443016877266
alpha_1.00pi_Pt_1.0000_100x100_mesh_1.0E+04_states_SIM_02_05_2026_22_58_43.csv,1.0,1.00π,1.0,10000.0,100,100,0.9980059376768617,0.006227293472143278
alpha_1.00pi_Pt_1.0000_100x100_mesh_4.5E+04_states_SIM_02_05_2026_22_55_02.csv,1.0,1.00π,1.0,45000.0,100,100,0.9995718298615444,0.002885613471858732
alpha_0.50pi_Pt_1.0000_100x100_mesh_5.0E+03_states_SIM_02_05_2026_22_48_55.csv,0.5,0.50π,1.0,5000.0,100,100,0.9983559037890579,0.011695038715651324
alpha_1.25pi_Pt_1.0000_100x100_mesh_1.0E+03_states_SIM_02_05_2026_23_04_53.csv,1.25,1.25π,1.0,1000.0,100,100,0.9853465280788095,0.02511397543093079
alpha_0.00pi_Pt_1.0000_100x100_mesh_1.0E+03_states_SIM_02_05_2026_22_39_06.csv,0.0,0.00π,1.0,1000.0,100,100,0.9797194688816744,0.019859560419065656
alpha_1.00pi_Pt_1.0000_100x100_mesh_1.5E+04_states_SIM_02_05_2026_22_58_12.csv,1.0,1.00π,1.0,15000.0,100,100,0.9986183479973862,0.005183574021224076
alpha_0.75pi_Pt_1.0000_100x100_mesh_1.0E+04_states_SIM_02_05_2026_22_53_34.csv,0.75,0.75π,1.0,10000.0,100,100,0.9984909618012666,0.008059262722265445
alpha_1.00pi_Pt_1.0000_100x100_mesh_2.5E+04_states_SIM_02_05_2026_22_57_10.csv,1.0,1.00π,1.0,25000.0,100,100,0.9991711554142384,0.004014824092588549
alpha_1.25pi_Pt_1.0000_100x100_mesh_2.5E+04_states_SIM_02_05_2026_23_02_19.csv,1.25,1.25π,1.0,25000.0,100,100,0.9993952951846692,0.005101723417709433
alpha_1.25pi_Pt_1.0000_100x100_mesh_2.0E+04_states_SIM_02_05_2026_23_02_50.csv,1.25,1.25π,1.0,20000.0,100,100,0.9992427626480864,0.005709015351812235
alpha_1.25pi_Pt_1.0000_100x100_mesh_3.0E+04_states_SIM_02_05_2026_23_01_47.csv,1.25,1.25π,1.0,30000.0,100,100,0.9994991196170603,0.0046431445918863464
