Filename,Alpha_Coeff,Alpha_Label,Pt,States,Rows,Cols,R2_Score,RMSE,ε
gpu_alpha_0.75pi_Pt_0.9107_100x100_mesh_4.0E+04_states_SIM_02_05_2026_17_11_33.csv,0.75,0.75π,0.9107,40000.0,100,100,0.9994896040738763,0.004273589090529191,0.0005103959261237229
gpu_alpha_0.25pi_Pt_0.9107_100x100_mesh_1.5E+04_states_SIM_02_05_2026_17_04_08.csv,0.25,0.25π,0.9107,15000.0,100,100,0.9986373978953476,0.00698270492613643,0.0013626021046523912
gpu_alpha_0.25pi_Pt_0.9107_100x100_mesh_4.0E+04_states_SIM_02_05_2026_17_01_34.csv,0.25,0.25π,0.9107,40000.0,100,100,0.9995021259671379,0.0042208401037904806,0.0004978740328620896
gpu_alpha_1.00pi_Pt_0.9107_100x100_mesh_3.0E+04_states_SIM_02_05_2026_17_17_16.csv,1.0,1.00π,0.9107,30000.0,100,100,0.998935943211166,0.004153906995707468,0.001064056788834062
gpu_alpha_0.75pi_Pt_0.9107_100x100_mesh_1.5E+04_states_SIM_02_05_2026_17_13_59.csv,0.75,0.75π,0.9107,15000.0,100,100,0.9986518780240612,0.00694550385206523,0.0013481219759388006
gpu_alpha_0.00pi_Pt_0.9107_100x100_mesh_1.5E+04_states_SIM_02_05_2026_16_58_41.csv,0.0,0.00π,0.9107,15000.0,100,100,0.9979041125295831,0.0058298629566038394,0.0020958874704169006
gpu_alpha_0.00pi_Pt_0.9107_100x100_mesh_3.0E+04_states_SIM_02_05_2026_16_56_51.csv,0.0,0.00π,0.9107,30000.0,100,100,0.9989254906023249,0.004174259788670684,0.001074509397675112
gpu_alpha_1.25pi_Pt_0.9107_100x100_mesh_2.5E+04_states_SIM_02_05_2026_17_22_29.csv,1.25,1.25π,0.9107,25000.0,100,100,0.9991972967620737,0.005359406144134434,0.0008027032379263227
gpu_alpha_0.50pi_Pt_0.9107_100x100_mesh_1.0E+03_states_SIM_02_05_2026_17_10_38.csv,0.5,0.50π,0.9107,1000.0,100,100,0.9890476804286831,0.02750681407726212,0.010952319571316921
gpu_alpha_0.75pi_Pt_0.9107_100x100_mesh_1.0E+04_states_SIM_02_05_2026_17_14_27.csv,0.75,0.75π,0.9107,10000.0,100,100,0.9979218159524559,0.008623452306805198,0.002078184047544165
gpu_alpha_0.50pi_Pt_0.9107_100x100_mesh_1.0E+04_states_SIM_02_05_2026_17_09_41.csv,0.5,0.50π,0.9107,10000.0,100,100,0.9989197140697375,0.008638863228317925,0.001080285930262598
gpu_alpha_1.25pi_Pt_0.9107_100x100_mesh_2.0E+04_states_SIM_02_05_2026_17_22_58.csv,1.25,1.25π,0.9107,20000.0,100,100,0.9989703793532433,0.0060698475540978325,0.0010296206467566734
gpu_alpha_0.00pi_Pt_0.9107_100x100_mesh_1.0E+03_states_SIM_02_05_2026_17_00_32.csv,0.0,0.00π,0.9107,1000.0,100,100,0.9683745324622146,0.02264606984851467,0.03162546753778543
gpu_alpha_0.25pi_Pt_0.9107_100x100_mesh_2.0E+04_states_SIM_02_05_2026_17_03_38.csv,0.25,0.25π,0.9107,20000.0,100,100,0.9989757636785472,0.006053955840466787,0.001024236321452771
gpu_alpha_0.25pi_Pt_0.9107_100x100_mesh_1.0E+04_states_SIM_02_05_2026_17_04_38.csv,0.25,0.25π,0.9107,10000.0,100,100,0.9979943733622156,0.008471575914229557,0.0020056266377843435
gpu_alpha_1.25pi_Pt_0.9107_100x100_mesh_4.5E+04_states_SIM_02_05_2026_17_20_31.csv,1.25,1.25π,0.9107,45000.0,100,100,0.9995461652332017,0.00402984223070664,0.0004538347667982875
gpu_alpha_0.75pi_Pt_0.9107_100x100_mesh_2.0E+04_states_SIM_02_05_2026_17_13_30.csv,0.75,0.75π,0.9107,20000.0,100,100,0.9989815290313159,0.006036893153882789,0.0010184709686841035
gpu_alpha_1.00pi_Pt_0.9107_100x100_mesh_2.5E+04_states_SIM_02_05_2026_17_17_46.csv,1.0,1.00π,0.9107,25000.0,100,100,0.9987326143904747,0.004533449173104532,0.0012673856095253217
gpu_alpha_0.25pi_Pt_0.9107_100x100_mesh_2.5E+04_states_SIM_02_05_2026_17_03_07.csv,0.25,0.25π,0.9107,25000.0,100,100,0.999202650985677,0.005341501974087773,0.000797349014323048
gpu_alpha_0.00pi_Pt_0.9107_100x100_mesh_5.0E+03_states_SIM_02_05_2026_17_00_01.csv,0.0,0.00π,0.9107,5000.0,100,100,0.9937315920838973,0.010082146189882343,0.006268407916102751
gpu_alpha_0.00pi_Pt_0.9107_100x100_mesh_5.0E+04_states_SIM_25_05_2026_14_40_29.csv,0.0,0.00π,0.9107,50000.0,100,100,0.9993595826990832,0.0032225962183123637,0.0006404173009167842
gpu_alpha_0.25pi_Pt_0.9107_100x100_mesh_5.0E+03_states_SIM_02_05_2026_17_05_08.csv,0.25,0.25π,0.9107,5000.0,100,100,0.9959973775533637,0.011967721540395637,0.0040026224466363095
gpu_alpha_1.00pi_Pt_0.9107_100x100_mesh_1.5E+04_states_SIM_02_05_2026_17_18_42.csv,1.0,1.00π,0.9107,15000.0,100,100,0.9979091891135748,0.00582279823280991,0.0020908108864251635
gpu_alpha_1.25pi_Pt_0.9107_100x100_mesh_5.0E+03_states_SIM_02_05_2026_17_24_23.csv,1.25,1.25π,0.9107,5000.0,100,100,0.9959624044620121,0.012019892076827821,0.00403759553798792
gpu_alpha_1.25pi_Pt_0.9107_100x100_mesh_1.0E+04_states_SIM_02_05_2026_17_23_55.csv,1.25,1.25π,0.9107,10000.0,100,100,0.9979569091017055,0.008550332564891567,0.0020430908982944744
gpu_alpha_0.25pi_Pt_0.9107_100x100_mesh_3.5E+04_states_SIM_02_05_2026_17_02_06.csv,0.25,0.25π,0.9107,35000.0,100,100,0.9994198634638869,0.004556215646767578,0.0005801365361131481
gpu_alpha_1.00pi_Pt_0.9107_100x100_mesh_1.0E+04_states_SIM_02_05_2026_17_19_11.csv,1.0,1.00π,0.9107,10000.0,100,100,0.9968707956011859,0.0071234655970318665,0.0031292043988141874
gpu_alpha_0.50pi_Pt_0.9107_100x100_mesh_1.5E+04_states_SIM_02_05_2026_17_09_11.csv,0.5,0.50π,0.9107,15000.0,100,100,0.9992718529211065,0.007092458350272624,0.0007281470788934094
gpu_alpha_0.50pi_Pt_0.9107_100x100_mesh_3.5E+04_states_SIM_02_05_2026_17_07_07.csv,0.5,0.50π,0.9107,35000.0,100,100,0.9996902276868782,0.0046260309887691834,0.0003097723131217796
gpu_alpha_0.75pi_Pt_0.9107_100x100_mesh_4.5E+04_states_SIM_02_05_2026_17_11_03.csv,0.75,0.75π,0.9107,45000.0,100,100,0.999550391302282,0.004011035580197044,0.0004496086977180443
gpu_alpha_0.75pi_Pt_0.9107_100x100_mesh_5.0E+03_states_SIM_02_05_2026_17_14_55.csv,0.75,0.75π,0.9107,5000.0,100,100,0.996007880710903,0.011952009162399094,0.003992119289097027
gpu_alpha_0.00pi_Pt_0.9107_100x100_mesh_1.0E+04_states_SIM_02_05_2026_16_59_22.csv,0.0,0.00π,0.9107,10000.0,100,100,0.9968529431161519,0.007143756808486997,0.003147056883848034
gpu_alpha_0.25pi_Pt_0.9107_100x100_mesh_4.5E+04_states_SIM_02_05_2026_17_01_00.csv,0.25,0.25π,0.9107,45000.0,100,100,0.9995481933134405,0.004020827942824084,0.00045180668655949444
gpu_alpha_0.50pi_Pt_0.9107_100x100_mesh_2.5E+04_states_SIM_02_05_2026_17_08_10.csv,0.5,0.50π,0.9107,25000.0,100,100,0.9995691063188039,0.00545597411307868,0.0004308936811960761
gpu_alpha_0.00pi_Pt_0.9107_100x100_mesh_3.5E+04_states_SIM_02_05_2026_16_56_16.csv,0.0,0.00π,0.9107,35000.0,100,100,0.9991248896843035,0.0037670880110529962,0.0008751103156965035
gpu_alpha_0.00pi_Pt_0.9107_100x100_mesh_2.0E+04_states_SIM_02_05_2026_16_57_59.csv,0.0,0.00π,0.9107,20000.0,100,100,0.9984148813791008,0.005069968360174758,0.0015851186208991474
gpu_alpha_0.50pi_Pt_0.9107_100x100_mesh_3.0E+04_states_SIM_02_05_2026_17_07_39.csv,0.5,0.50π,0.9107,30000.0,100,100,0.9996376960614488,0.0050029223920689345,0.00036230393855121945
gpu_alpha_1.25pi_Pt_0.9107_100x100_mesh_3.5E+04_states_SIM_02_05_2026_17_21_30.csv,1.25,1.25π,0.9107,35000.0,100,100,0.9994345455350484,0.00449819192126904,0.0005654544649516259
gpu_alpha_0.75pi_Pt_0.9107_100x100_mesh_5.0E+04_states_SIM_25_05_2026_14_42_10.csv,0.75,0.75π,0.9107,50000.0,100,100,0.9995927930535163,0.0038172161392893062,0.0004072069464837174
gpu_alpha_0.75pi_Pt_0.9107_100x100_mesh_3.5E+04_states_SIM_02_05_2026_17_12_02.csv,0.75,0.75π,0.9107,35000.0,100,100,0.9994209272742933,0.004552036308500624,0.0005790727257066968
gpu_alpha_0.50pi_Pt_0.9107_100x100_mesh_2.0E+04_states_SIM_02_05_2026_17_08_40.csv,0.5,0.50π,0.9107,20000.0,100,100,0.9994666019365462,0.006070339147759306,0.0005333980634537423
gpu_alpha_1.25pi_Pt_0.9107_100x100_mesh_1.5E+04_states_SIM_02_05_2026_17_23_27.csv,1.25,1.25π,0.9107,15000.0,100,100,0.9986681871173969,0.0069033639158020904,0.0013318128826031361
gpu_alpha_0.25pi_Pt_0.9107_100x100_mesh_3.0E+04_states_SIM_02_05_2026_17_02_37.csv,0.25,0.25π,0.9107,30000.0,100,100,0.9993389878790987,0.004863443489385097,0.0006610121209013011
gpu_alpha_0.75pi_Pt_0.9107_100x100_mesh_2.5E+04_states_SIM_02_05_2026_17_13_01.csv,0.75,0.75π,0.9107,25000.0,100,100,0.999175707936695,0.005430998983637332,0.0008242920633050758
gpu_alpha_0.75pi_Pt_0.9107_100x100_mesh_3.0E+04_states_SIM_02_05_2026_17_12_32.csv,0.75,0.75π,0.9107,30000.0,100,100,0.999314887462771,0.00495131001877885,0.0006851125372290629
gpu_alpha_0.25pi_Pt_0.9107_100x100_mesh_1.0E+03_states_SIM_02_05_2026_17_05_38.csv,0.25,0.25π,0.9107,1000.0,100,100,0.9793349200624033,0.027193036597387914,0.020665079937596698
gpu_alpha_0.50pi_Pt_0.9107_100x100_mesh_4.5E+04_states_SIM_02_05_2026_17_06_04.csv,0.5,0.50π,0.9107,45000.0,100,100,0.9997542987813909,0.004119940021355259,0.0002457012186090829
gpu_alpha_1.25pi_Pt_0.9107_100x100_mesh_3.0E+04_states_SIM_02_05_2026_17_22_00.csv,1.25,1.25π,0.9107,30000.0,100,100,0.9993377763050882,0.004867898569672139,0.0006622236949117137
gpu_alpha_0.00pi_Pt_0.9107_100x100_mesh_4.5E+04_states_SIM_02_05_2026_16_54_58.csv,0.0,0.00π,0.9107,45000.0,100,100,0.9992932426005913,0.003385396549227492,0.0007067573994086828
gpu_alpha_1.25pi_Pt_0.9107_100x100_mesh_4.0E+04_states_SIM_02_05_2026_17_21_01.csv,1.25,1.25π,0.9107,40000.0,100,100,0.9994956653085539,0.004248137682206768,0.0005043346914460248
gpu_alpha_0.25pi_Pt_0.9107_100x100_mesh_5.0E+04_states_SIM_25_05_2026_14_41_03.csv,0.25,0.25π,0.9107,50000.0,100,100,0.9995913333885466,0.0038240515732983196,0.0004086666114534898
gpu_alpha_1.00pi_Pt_0.9107_100x100_mesh_5.0E+04_states_SIM_25_05_2026_14_42_44.csv,1.0,1.00π,0.9107,50000.0,100,100,0.9993549222285046,0.00323430076621474,0.000645077771495331
gpu_alpha_0.50pi_Pt_0.9107_100x100_mesh_5.0E+04_states_SIM_25_05_2026_14_41_37.csv,0.5,0.50π,0.9107,50000.0,100,100,0.999783405204225,0.003868220721355547,0.00021659479577493888
gpu_alpha_0.50pi_Pt_0.9107_100x100_mesh_4.0E+04_states_SIM_02_05_2026_17_06_36.csv,0.5,0.50π,0.9107,40000.0,100,100,0.9997346933294101,0.004281158659968142,0.0002653066705898893
gpu_alpha_0.00pi_Pt_0.9107_100x100_mesh_2.5E+04_states_SIM_02_05_2026_16_57_25.csv,0.0,0.00π,0.9107,25000.0,100,100,0.9987270032634099,0.0045434736147634555,0.0012729967365901025
gpu_alpha_1.00pi_Pt_0.9107_100x100_mesh_3.5E+04_states_SIM_02_05_2026_17_16_47.csv,1.0,1.00π,0.9107,35000.0,100,100,0.9991187922982393,0.003780188941384713,0.0008812077017606462
gpu_alpha_1.00pi_Pt_0.9107_100x100_mesh_4.5E+04_states_SIM_02_05_2026_17_15_48.csv,1.0,1.00π,0.9107,45000.0,100,100,0.9993134658707502,0.0033366098775682446,0.0006865341292497665
gpu_alpha_1.00pi_Pt_0.9107_100x100_mesh_2.0E+04_states_SIM_02_05_2026_17_18_14.csv,1.0,1.00π,0.9107,20000.0,100,100,0.9984233461891726,0.0050564129809979735,0.0015766538108273847
gpu_alpha_0.00pi_Pt_0.9107_100x100_mesh_4.0E+04_states_SIM_02_05_2026_16_55_34.csv,0.0,0.00π,0.9107,40000.0,100,100,0.9992257204412603,0.0035434251401400808,0.0007742795587396697
gpu_alpha_0.75pi_Pt_0.9107_100x100_mesh_1.0E+03_states_SIM_02_05_2026_17_15_23.csv,0.75,0.75π,0.9107,1000.0,100,100,0.9802109128730206,0.02661043920852575,0.019789087126979403
gpu_alpha_1.25pi_Pt_0.9107_100x100_mesh_5.0E+04_states_SIM_25_05_2026_14_43_18.csv,1.25,1.25π,0.9107,50000.0,100,100,0.9996032276118635,0.003767991228422928,0.00039677238813649803
gpu_alpha_1.00pi_Pt_0.9107_100x100_mesh_5.0E+03_states_SIM_02_05_2026_17_19_39.csv,1.0,1.00π,0.9107,5000.0,100,100,0.9938574994892504,0.0099803774391479,0.0061425005107495784
gpu_alpha_1.25pi_Pt_0.9107_100x100_mesh_1.0E+03_states_SIM_02_05_2026_17_24_51.csv,1.25,1.25π,0.9107,1000.0,100,100,0.9800235707410101,0.026736102234850234,0.019976429258989854
gpu_alpha_0.50pi_Pt_0.9107_100x100_mesh_5.0E+03_states_SIM_02_05_2026_17_10_10.csv,0.5,0.50π,0.9107,5000.0,100,100,0.9978270506166164,0.012252142614247943,0.002172949383383623
gpu_alpha_1.00pi_Pt_0.9107_100x100_mesh_4.0E+04_states_SIM_02_05_2026_17_16_18.csv,1.0,1.00π,0.9107,40000.0,100,100,0.9992076965393945,0.0035844303142620187,0.0007923034606055098
gpu_alpha_1.00pi_Pt_0.9107_100x100_mesh_1.0E+03_states_SIM_02_05_2026_17_20_06.csv,1.0,1.00π,0.9107,1000.0,100,100,0.9679133994690841,0.022810574262815065,0.032086600530916
