0.9582016515445,0.9580288366581079,0.9574678536102869,0.9527254707631319,0.9567706277141729,0.9588575993608948,0.9568017437828198,0.9596159556567356,0.9572123498461232,0.9551052840683353,0.9564426478019201,0.9559015570065293,0.9569252496721476,0.9575079239302694,0.9581944865192366,0.9598040195980402,0.9589886521998805,0.957710940654017,0.9590172188097875,0.9557950949367089
0.9412658227848101,0.9382753403933434,0.9363240245593186,0.9392712550607287,0.9433715550191109,0.9445224719101124,0.9496288965858486,0.9517409896151496,0.9482932740860432,0.9406209183160856,0.9442771084337349,0.9382485764775181,0.9404285142170604,0.9354937017472572,0.9457886676875957,0.9479791916766707,0.9545090981803639,0.9574383846382263,0.9523857459230924,0.9438861804795543
0.908909508131298,0.8911695965857128,0.8834062468206328,0.8872916042727363,0.8988287560581584,0.9122075279755849,0.9231536926147704,0.9325560357824907,0.9353174603174603,0.9169385938890537,0.900326959278708,0.8870983785934546,0.8873949579831932,0.895455925513612,0.9074907490749075,0.9200594353640416,0.9326195855024064,0.9311561334542889,0.9220792079207921,0.9035244922341696
0.8481765061454766,0.8192,0.8028884462151394,0.7999800478850758,0.8304794520547946,0.8731446665347319,0.8892267153136718,0.9051637532650191,0.8967709384460141,0.876153768130642,0.8365724381625441,0.8093906093906094,0.8049705559437069,0.8169593577521325,0.851420540106415,0.8810004033884631,0.9018673023440604,0.904086322309921,0.8853028798411122,0.8577410028910378
0.7842626889578537,0.7368957780950438,0.6991626794258373,0.709272183449651,0.7360650798433263,0.7893154254786008,0.8502598960415834,0.8771718389073014,0.8613218849840255,0.8207779419005417,0.7598278896929396,0.714913565777908,0.7006516290726817,0.7126873126873127,0.7750175298006611,0.8274932614555256,0.8625658352380006,0.8663975583341538,0.832786232965284,0.7845437993121586
0.7148678195189823,0.6352881698685541,0.596078431372549,0.5992339481907066,0.6562406315579095,0.7272997620935765,0.7997010463378177,0.8351179853261947,0.8188508064516129,0.7538169843329009,0.6682483194938711,0.6232043096568236,0.5781590954175759,0.6175330484047311,0.6882522630060678,0.7755142601609858,0.8266454246739022,0.826381391696928,0.7863401035444046,0.704207055061457
0.6292790978654853,0.5545877462139959,0.47949748743718595,0.49432547123260634,0.5642452548941668,0.658879429815878,0.7571644042232277,0.7941235258844693,0.7794413183279743,0.6870366659987979,0.5870324189526185,0.5009362373115206,0.4805668016194332,0.5254120201322412,0.6108906962904186,0.7165127594082018,0.7885308246597278,0.7929024340355901,0.740386551238172,0.646600566572238
0.5829919056660338,0.46399043729455125,0.38761398937769315,0.4019,0.4808557432770169,0.6081947505509918,0.727466720861701,0.7680612143495975,0.7359333134861566,0.635061529150696,0.5114740956007616,0.41741922536624526,0.3821833366474448,0.4352823588205897,0.5437243313633177,0.6663303400262335,0.7458630027078528,0.7564987814784728,0.6948746128484364,0.574173636001593
0.533066132264529,0.3960960960960961,0.322398414271556,0.33833083458270863,0.42982802925479346,0.5641025641025641,0.6820929541175305,0.7424646704219785,0.7056584877315975,0.6060065417781743,0.45633406946396304,0.34787806335923493,0.32151797336537496,0.3652927120669056,0.49172886826709705,0.6384906411788133,0.7356926188068756,0.7400885490038237,0.6597023750862324,0.5253088880031885
0.5120151560474624,0.3643372541267174,0.2874,0.30066726421671147,0.40036104703640557,0.5406203840472673,0.6689742589703588,0.7265260596227946,0.6926077823347004,0.574075899457861,0.43447251114413077,0.31299310895835414,0.2777945164206086,0.33026789284286284,0.4660232812655457,0.6205609362389023,0.715211970074813,0.7122142785218004,0.6532241762684455,0.5012453920494172
0.5052494750524947,0.3696142798522774,0.28421371578628424,0.29120605517378745,0.39492145044956034,0.5432336543335022,0.6777733439744613,0.7269831790584254,0.687199036918138,0.5845217911638576,0.43708475941212,0.3110272365602367,0.28372463191404695,0.3410751827009711,0.45929354936097416,0.6109385956125413,0.717319772659288,0.7189183795649571,0.6491001292631997,0.5189340813464236
0.530920060331825,0.4000198570293884,0.33136450095104614,0.3385093167701863,0.43270490976912995,0.5651132621494861,0.6786458850392137,0.7356298818345683,0.7036506800286327,0.6041044032675832,0.45306986591390264,0.3522062469013386,0.31787094855783526,0.3783481006212445,0.48862482226284787,0.6358943212875797,0.7254843517138599,0.7414380132185059,0.6535803705558337,0.5307417691392304
0.5830508474576271,0.4487243621810905,0.38516290726817043,0.39471067806721016,0.47763275879246786,0.6044032675831839,0.7234937402190923,0.7665501747378931,0.7421200562136118,0.6435869457395099,0.5007388434636981,0.4152448258455326,0.38231533392347794,0.4326856003986049,0.5389342198045733,0.671981548335339,0.7492241465612174,0.76002399760024,0.6968914490018869,0.5755258126195029
0.6313276976628543,0.5373751639261576,0.48321616001584317,0.4938395271962336,0.5577227722772278,0.6656611362493715,0.7520702384515614,0.7985589912939057,0.7660883598950978,0.6871774513695911,0.5899,0.5082310685423526,0.47886203123445736,0.5141305441013778,0.6158398264128613,0.7163772213247173,0.7868525896414342,0.7956154148643335,0.7349241214057508,0.6422383039445521
0.7159833630421866,0.6267675761800439,0.5778598522659213,0.593171122459197,0.6491853360488798,0.7258613782051282,0.7967209816938242,0.8297570850202429,0.8123421876578123,0.7504566673432109,0.6752459505117758,0.6063127981325485,0.5888151277408972,0.616690098413336,0.6894302313729487,0.7683559457302475,0.822751852593631,0.8352988610019151,0.7778115501519757,0.7030187924830068
0.7860617492306164,0.7394159846418107,0.6994311944915677,0.6991512730903644,0.7389943457189014,0.8003390844719258,0.8473282442748091,0.8709579628132579,0.8587502511553144,0.8181006251860673,0.7553386211104332,0.7198807157057654,0.6982271961968902,0.7328705999008428,0.7763078773301263,0.8317879459786334,0.8690596562184024,0.870864567716142,0.8396869983948636,0.7856431700517722
0.8555456614227763,0.8213496686081543,0.8086407377706496,0.8074103825685309,0.8316468253968254,0.8577255994428415,0.8891672512275779,0.9026875811769407,0.9006794564348521,0.8691945029591734,0.8399674233940752,0.8082079623375295,0.800638913846461,0.818208895949166,0.849803169476128,0.8758634497947743,0.9061335481921644,0.9000706571111335,0.8882037000198926,0.8529731869001682
0.9088533815696915,0.8954122877930477,0.8848417207792207,0.8885804916732751,0.8956900040469445,0.9136690647482014,0.9302648546771154,0.9356579078829054,0.9294294294294294,0.9166917595101877,0.8990326481257558,0.8896889688968896,0.8806777584974992,0.8934262948207171,0.903273370687113,0.9204567636150693,0.933902966018464,0.9345421938826343,0.9234745590918305,0.9056946688206785
0.9448787332130687,0.9402173913043478,0.9377408233624012,0.9393668750620224,0.9449799196787149,0.9421280016075555,0.9464987405541562,0.951088577393379,0.9491491491491492,0.946333097952184,0.9445618271455881,0.9405062014722194,0.9377179870453413,0.9361871577899452,0.9412120600988202,0.9489036411184872,0.9515046766978447,0.9518577706751897,0.9503659881680537,0.9401615637777999
0.9560120240480962,0.9559298795416707,0.9556587003752716,0.9557051024507834,0.9550096046911334,0.9553589382666399,0.9584293298607633,0.9585632587538878,0.9574211689094195,0.9581219536456779,0.9584569732937686,0.9570293338565682,0.9578676688754821,0.9558941459502807,0.9557812966835972,0.9584240744407048,0.9555710167975351,0.9552462955546656,0.9563440645868634,0.9566901758219927
